--
-- PostgreSQL database dump
--

-- Dumped from database version 14.7 (Homebrew)
-- Dumped by pg_dump version 14.7 (Homebrew)

SET statement_timeout = 0;
SET lock_timeout = 0;
SET idle_in_transaction_session_timeout = 0;
SET client_encoding = 'UTF8';
SET standard_conforming_strings = on;
SELECT pg_catalog.set_config('search_path', '', false);
SET check_function_bodies = false;
SET xmloption = content;
SET client_min_messages = warning;
SET row_security = off;

SET default_tablespace = '';

SET default_table_access_method = heap;

--
-- Name: app_column; Type: TABLE; Schema: public; Owner: postgres
--

CREATE TABLE public.app_column (
    id bigint NOT NULL,
    name character varying(255) NOT NULL,
    type character varying(50) NOT NULL,
    "default" character varying(255),
    alias character varying(255),
    model_id bigint NOT NULL
);


ALTER TABLE public.app_column OWNER TO postgres;

--
-- Name: app_column_id_seq; Type: SEQUENCE; Schema: public; Owner: postgres
--

ALTER TABLE public.app_column ALTER COLUMN id ADD GENERATED BY DEFAULT AS IDENTITY (
    SEQUENCE NAME public.app_column_id_seq
    START WITH 1
    INCREMENT BY 1
    NO MINVALUE
    NO MAXVALUE
    CACHE 1
);


--
-- Name: app_database; Type: TABLE; Schema: public; Owner: postgres
--

CREATE TABLE public.app_database (
    id bigint NOT NULL,
    slug character varying(50) NOT NULL,
    type character varying(50) NOT NULL,
    uri character varying(255) NOT NULL
);


ALTER TABLE public.app_database OWNER TO postgres;

--
-- Name: app_database_id_seq; Type: SEQUENCE; Schema: public; Owner: postgres
--

ALTER TABLE public.app_database ALTER COLUMN id ADD GENERATED BY DEFAULT AS IDENTITY (
    SEQUENCE NAME public.app_database_id_seq
    START WITH 1
    INCREMENT BY 1
    NO MINVALUE
    NO MAXVALUE
    CACHE 1
);


--
-- Name: app_model; Type: TABLE; Schema: public; Owner: postgres
--

CREATE TABLE public.app_model (
    id bigint NOT NULL,
    title character varying(255) NOT NULL
);


ALTER TABLE public.app_model OWNER TO postgres;

--
-- Name: app_model_id_seq; Type: SEQUENCE; Schema: public; Owner: postgres
--

ALTER TABLE public.app_model ALTER COLUMN id ADD GENERATED BY DEFAULT AS IDENTITY (
    SEQUENCE NAME public.app_model_id_seq
    START WITH 1
    INCREMENT BY 1
    NO MINVALUE
    NO MAXVALUE
    CACHE 1
);


--
-- Name: app_process; Type: TABLE; Schema: public; Owner: postgres
--

CREATE TABLE public.app_process (
    id bigint NOT NULL,
    slug character varying(50) NOT NULL,
    status character varying(50) NOT NULL,
    from_table character varying(255) NOT NULL,
    to_table character varying(255) NOT NULL,
    index_col character varying(255) NOT NULL,
    sync boolean NOT NULL,
    time_interval character varying(50) NOT NULL,
    model_id bigint NOT NULL,
    source_id bigint NOT NULL,
    target_id bigint NOT NULL,
    task_id integer
);


ALTER TABLE public.app_process OWNER TO postgres;

--
-- Name: app_process_id_seq; Type: SEQUENCE; Schema: public; Owner: postgres
--

ALTER TABLE public.app_process ALTER COLUMN id ADD GENERATED BY DEFAULT AS IDENTITY (
    SEQUENCE NAME public.app_process_id_seq
    START WITH 1
    INCREMENT BY 1
    NO MINVALUE
    NO MAXVALUE
    CACHE 1
);


--
-- Name: app_relationship; Type: TABLE; Schema: public; Owner: postgres
--

CREATE TABLE public.app_relationship (
    id bigint NOT NULL,
    related_name character varying(50) NOT NULL,
    "table" character varying(50) NOT NULL,
    through_table character varying(50) NOT NULL,
    suffix character varying(50) NOT NULL,
    flat boolean NOT NULL,
    condition character varying(255),
    model_id bigint NOT NULL,
    process_id bigint NOT NULL
);


ALTER TABLE public.app_relationship OWNER TO postgres;

--
-- Name: app_relationship_id_seq; Type: SEQUENCE; Schema: public; Owner: postgres
--

ALTER TABLE public.app_relationship ALTER COLUMN id ADD GENERATED BY DEFAULT AS IDENTITY (
    SEQUENCE NAME public.app_relationship_id_seq
    START WITH 1
    INCREMENT BY 1
    NO MINVALUE
    NO MAXVALUE
    CACHE 1
);


--
-- Name: auth_group; Type: TABLE; Schema: public; Owner: postgres
--

CREATE TABLE public.auth_group (
    id integer NOT NULL,
    name character varying(150) NOT NULL
);


ALTER TABLE public.auth_group OWNER TO postgres;

--
-- Name: auth_group_id_seq; Type: SEQUENCE; Schema: public; Owner: postgres
--

ALTER TABLE public.auth_group ALTER COLUMN id ADD GENERATED BY DEFAULT AS IDENTITY (
    SEQUENCE NAME public.auth_group_id_seq
    START WITH 1
    INCREMENT BY 1
    NO MINVALUE
    NO MAXVALUE
    CACHE 1
);


--
-- Name: auth_group_permissions; Type: TABLE; Schema: public; Owner: postgres
--

CREATE TABLE public.auth_group_permissions (
    id bigint NOT NULL,
    group_id integer NOT NULL,
    permission_id integer NOT NULL
);


ALTER TABLE public.auth_group_permissions OWNER TO postgres;

--
-- Name: auth_group_permissions_id_seq; Type: SEQUENCE; Schema: public; Owner: postgres
--

ALTER TABLE public.auth_group_permissions ALTER COLUMN id ADD GENERATED BY DEFAULT AS IDENTITY (
    SEQUENCE NAME public.auth_group_permissions_id_seq
    START WITH 1
    INCREMENT BY 1
    NO MINVALUE
    NO MAXVALUE
    CACHE 1
);


--
-- Name: auth_permission; Type: TABLE; Schema: public; Owner: postgres
--

CREATE TABLE public.auth_permission (
    id integer NOT NULL,
    name character varying(255) NOT NULL,
    content_type_id integer NOT NULL,
    codename character varying(100) NOT NULL
);


ALTER TABLE public.auth_permission OWNER TO postgres;

--
-- Name: auth_permission_id_seq; Type: SEQUENCE; Schema: public; Owner: postgres
--

ALTER TABLE public.auth_permission ALTER COLUMN id ADD GENERATED BY DEFAULT AS IDENTITY (
    SEQUENCE NAME public.auth_permission_id_seq
    START WITH 1
    INCREMENT BY 1
    NO MINVALUE
    NO MAXVALUE
    CACHE 1
);


--
-- Name: auth_user; Type: TABLE; Schema: public; Owner: postgres
--

CREATE TABLE public.auth_user (
    id integer NOT NULL,
    password character varying(128) NOT NULL,
    last_login timestamp with time zone,
    is_superuser boolean NOT NULL,
    username character varying(150) NOT NULL,
    first_name character varying(150) NOT NULL,
    last_name character varying(150) NOT NULL,
    email character varying(254) NOT NULL,
    is_staff boolean NOT NULL,
    is_active boolean NOT NULL,
    date_joined timestamp with time zone NOT NULL
);


ALTER TABLE public.auth_user OWNER TO postgres;

--
-- Name: auth_user_groups; Type: TABLE; Schema: public; Owner: postgres
--

CREATE TABLE public.auth_user_groups (
    id bigint NOT NULL,
    user_id integer NOT NULL,
    group_id integer NOT NULL
);


ALTER TABLE public.auth_user_groups OWNER TO postgres;

--
-- Name: auth_user_groups_id_seq; Type: SEQUENCE; Schema: public; Owner: postgres
--

ALTER TABLE public.auth_user_groups ALTER COLUMN id ADD GENERATED BY DEFAULT AS IDENTITY (
    SEQUENCE NAME public.auth_user_groups_id_seq
    START WITH 1
    INCREMENT BY 1
    NO MINVALUE
    NO MAXVALUE
    CACHE 1
);


--
-- Name: auth_user_id_seq; Type: SEQUENCE; Schema: public; Owner: postgres
--

ALTER TABLE public.auth_user ALTER COLUMN id ADD GENERATED BY DEFAULT AS IDENTITY (
    SEQUENCE NAME public.auth_user_id_seq
    START WITH 1
    INCREMENT BY 1
    NO MINVALUE
    NO MAXVALUE
    CACHE 1
);


--
-- Name: auth_user_user_permissions; Type: TABLE; Schema: public; Owner: postgres
--

CREATE TABLE public.auth_user_user_permissions (
    id bigint NOT NULL,
    user_id integer NOT NULL,
    permission_id integer NOT NULL
);


ALTER TABLE public.auth_user_user_permissions OWNER TO postgres;

--
-- Name: auth_user_user_permissions_id_seq; Type: SEQUENCE; Schema: public; Owner: postgres
--

ALTER TABLE public.auth_user_user_permissions ALTER COLUMN id ADD GENERATED BY DEFAULT AS IDENTITY (
    SEQUENCE NAME public.auth_user_user_permissions_id_seq
    START WITH 1
    INCREMENT BY 1
    NO MINVALUE
    NO MAXVALUE
    CACHE 1
);


--
-- Name: django_admin_log; Type: TABLE; Schema: public; Owner: postgres
--

CREATE TABLE public.django_admin_log (
    id integer NOT NULL,
    action_time timestamp with time zone NOT NULL,
    object_id text,
    object_repr character varying(200) NOT NULL,
    action_flag smallint NOT NULL,
    change_message text NOT NULL,
    content_type_id integer,
    user_id integer NOT NULL,
    CONSTRAINT django_admin_log_action_flag_check CHECK ((action_flag >= 0))
);


ALTER TABLE public.django_admin_log OWNER TO postgres;

--
-- Name: django_admin_log_id_seq; Type: SEQUENCE; Schema: public; Owner: postgres
--

ALTER TABLE public.django_admin_log ALTER COLUMN id ADD GENERATED BY DEFAULT AS IDENTITY (
    SEQUENCE NAME public.django_admin_log_id_seq
    START WITH 1
    INCREMENT BY 1
    NO MINVALUE
    NO MAXVALUE
    CACHE 1
);


--
-- Name: django_celery_beat_clockedschedule; Type: TABLE; Schema: public; Owner: postgres
--

CREATE TABLE public.django_celery_beat_clockedschedule (
    id integer NOT NULL,
    clocked_time timestamp with time zone NOT NULL
);


ALTER TABLE public.django_celery_beat_clockedschedule OWNER TO postgres;

--
-- Name: django_celery_beat_clockedschedule_id_seq; Type: SEQUENCE; Schema: public; Owner: postgres
--

ALTER TABLE public.django_celery_beat_clockedschedule ALTER COLUMN id ADD GENERATED BY DEFAULT AS IDENTITY (
    SEQUENCE NAME public.django_celery_beat_clockedschedule_id_seq
    START WITH 1
    INCREMENT BY 1
    NO MINVALUE
    NO MAXVALUE
    CACHE 1
);


--
-- Name: django_celery_beat_crontabschedule; Type: TABLE; Schema: public; Owner: postgres
--

CREATE TABLE public.django_celery_beat_crontabschedule (
    id integer NOT NULL,
    minute character varying(240) NOT NULL,
    hour character varying(96) NOT NULL,
    day_of_week character varying(64) NOT NULL,
    day_of_month character varying(124) NOT NULL,
    month_of_year character varying(64) NOT NULL,
    timezone character varying(63) NOT NULL
);


ALTER TABLE public.django_celery_beat_crontabschedule OWNER TO postgres;

--
-- Name: django_celery_beat_crontabschedule_id_seq; Type: SEQUENCE; Schema: public; Owner: postgres
--

ALTER TABLE public.django_celery_beat_crontabschedule ALTER COLUMN id ADD GENERATED BY DEFAULT AS IDENTITY (
    SEQUENCE NAME public.django_celery_beat_crontabschedule_id_seq
    START WITH 1
    INCREMENT BY 1
    NO MINVALUE
    NO MAXVALUE
    CACHE 1
);


--
-- Name: django_celery_beat_intervalschedule; Type: TABLE; Schema: public; Owner: postgres
--

CREATE TABLE public.django_celery_beat_intervalschedule (
    id integer NOT NULL,
    every integer NOT NULL,
    period character varying(24) NOT NULL
);


ALTER TABLE public.django_celery_beat_intervalschedule OWNER TO postgres;

--
-- Name: django_celery_beat_intervalschedule_id_seq; Type: SEQUENCE; Schema: public; Owner: postgres
--

ALTER TABLE public.django_celery_beat_intervalschedule ALTER COLUMN id ADD GENERATED BY DEFAULT AS IDENTITY (
    SEQUENCE NAME public.django_celery_beat_intervalschedule_id_seq
    START WITH 1
    INCREMENT BY 1
    NO MINVALUE
    NO MAXVALUE
    CACHE 1
);


--
-- Name: django_celery_beat_periodictask; Type: TABLE; Schema: public; Owner: postgres
--

CREATE TABLE public.django_celery_beat_periodictask (
    id integer NOT NULL,
    name character varying(200) NOT NULL,
    task character varying(200) NOT NULL,
    args text NOT NULL,
    kwargs text NOT NULL,
    queue character varying(200),
    exchange character varying(200),
    routing_key character varying(200),
    expires timestamp with time zone,
    enabled boolean NOT NULL,
    last_run_at timestamp with time zone,
    total_run_count integer NOT NULL,
    date_changed timestamp with time zone NOT NULL,
    description text NOT NULL,
    crontab_id integer,
    interval_id integer,
    solar_id integer,
    one_off boolean NOT NULL,
    start_time timestamp with time zone,
    priority integer,
    headers text NOT NULL,
    clocked_id integer,
    expire_seconds integer,
    CONSTRAINT django_celery_beat_periodictask_expire_seconds_check CHECK ((expire_seconds >= 0)),
    CONSTRAINT django_celery_beat_periodictask_priority_check CHECK ((priority >= 0)),
    CONSTRAINT django_celery_beat_periodictask_total_run_count_check CHECK ((total_run_count >= 0))
);


ALTER TABLE public.django_celery_beat_periodictask OWNER TO postgres;

--
-- Name: django_celery_beat_periodictask_id_seq; Type: SEQUENCE; Schema: public; Owner: postgres
--

ALTER TABLE public.django_celery_beat_periodictask ALTER COLUMN id ADD GENERATED BY DEFAULT AS IDENTITY (
    SEQUENCE NAME public.django_celery_beat_periodictask_id_seq
    START WITH 1
    INCREMENT BY 1
    NO MINVALUE
    NO MAXVALUE
    CACHE 1
);


--
-- Name: django_celery_beat_periodictasks; Type: TABLE; Schema: public; Owner: postgres
--

CREATE TABLE public.django_celery_beat_periodictasks (
    ident smallint NOT NULL,
    last_update timestamp with time zone NOT NULL
);


ALTER TABLE public.django_celery_beat_periodictasks OWNER TO postgres;

--
-- Name: django_celery_beat_solarschedule; Type: TABLE; Schema: public; Owner: postgres
--

CREATE TABLE public.django_celery_beat_solarschedule (
    id integer NOT NULL,
    event character varying(24) NOT NULL,
    latitude numeric(9,6) NOT NULL,
    longitude numeric(9,6) NOT NULL
);


ALTER TABLE public.django_celery_beat_solarschedule OWNER TO postgres;

--
-- Name: django_celery_beat_solarschedule_id_seq; Type: SEQUENCE; Schema: public; Owner: postgres
--

ALTER TABLE public.django_celery_beat_solarschedule ALTER COLUMN id ADD GENERATED BY DEFAULT AS IDENTITY (
    SEQUENCE NAME public.django_celery_beat_solarschedule_id_seq
    START WITH 1
    INCREMENT BY 1
    NO MINVALUE
    NO MAXVALUE
    CACHE 1
);


--
-- Name: django_content_type; Type: TABLE; Schema: public; Owner: postgres
--

CREATE TABLE public.django_content_type (
    id integer NOT NULL,
    app_label character varying(100) NOT NULL,
    model character varying(100) NOT NULL
);


ALTER TABLE public.django_content_type OWNER TO postgres;

--
-- Name: django_content_type_id_seq; Type: SEQUENCE; Schema: public; Owner: postgres
--

ALTER TABLE public.django_content_type ALTER COLUMN id ADD GENERATED BY DEFAULT AS IDENTITY (
    SEQUENCE NAME public.django_content_type_id_seq
    START WITH 1
    INCREMENT BY 1
    NO MINVALUE
    NO MAXVALUE
    CACHE 1
);


--
-- Name: django_migrations; Type: TABLE; Schema: public; Owner: postgres
--

CREATE TABLE public.django_migrations (
    id bigint NOT NULL,
    app character varying(255) NOT NULL,
    name character varying(255) NOT NULL,
    applied timestamp with time zone NOT NULL
);


ALTER TABLE public.django_migrations OWNER TO postgres;

--
-- Name: django_migrations_id_seq; Type: SEQUENCE; Schema: public; Owner: postgres
--

ALTER TABLE public.django_migrations ALTER COLUMN id ADD GENERATED BY DEFAULT AS IDENTITY (
    SEQUENCE NAME public.django_migrations_id_seq
    START WITH 1
    INCREMENT BY 1
    NO MINVALUE
    NO MAXVALUE
    CACHE 1
);


--
-- Name: django_session; Type: TABLE; Schema: public; Owner: postgres
--

CREATE TABLE public.django_session (
    session_key character varying(40) NOT NULL,
    session_data text NOT NULL,
    expire_date timestamp with time zone NOT NULL
);


ALTER TABLE public.django_session OWNER TO postgres;

--
-- Data for Name: app_column; Type: TABLE DATA; Schema: public; Owner: postgres
--

COPY public.app_column (id, name, type, "default", alias, model_id) FROM stdin;
1	id	UUID	\N	\N	1
2	name	str	\N	\N	1
3	description	str	''	\N	1
4	created_at	datetime	\N	created	1
5	updated_at	datetime	\N	modified	1
6	id	UUID	\N	\N	2
7	full_name	str	\N	\N	2
8	created_at	datetime	\N	created	2
9	updated_at	datetime	\N	modified	2
10	id	UUID	\N	\N	3
11	title	str	\N	\N	3
12	description	str	''	\N	3
13	creation_date	date	None	\N	3
14	rating	float	0	\N	3
15	type	str	\N	\N	3
16	created_at	datetime	\N	created	3
17	updated_at	datetime	\N	modified	3
18	id	UUID	\N	\N	4
19	film_work_id	UUID	\N	\N	4
20	person_id	UUID	\N	\N	4
21	role	str	\N	\N	4
22	created_at	datetime	\N	created	4
23	id	UUID	\N	\N	5
24	film_work_id	UUID	\N	\N	5
25	genre_id	UUID	\N	\N	5
26	created_at	datetime	\N	created	5
27	id	UUID	\N	\N	6
28	name	str	\N	\N	6
29	description	str	''	\N	6
30	id	UUID	\N	\N	7
31	full_name	str	\N	\N	7
32	id	UUID	\N	\N	8
33	rating	float	0	imdb_rating	8
34	title	str	\N	\N	8
35	description	str	\N	\N	8
36	name	str	\N	\N	9
37	full_name	str	\N	\N	10
38	id	UUID	\N	\N	11
39	full_name	str	\N	name	11
\.


--
-- Data for Name: app_database; Type: TABLE DATA; Schema: public; Owner: postgres
--

COPY public.app_database (id, slug, type, uri) FROM stdin;
1	SQLiteMovies	sqlite	sqlite:///file:movies.sqlite?mode=rw&uri=true
2	PostgresMovies	postgresql	postgresql://app:123qwe@postgres_movies:5432/movies_database?options=-c%20search_path=content
3	ElasticsearchMovies	elasticsearch	elastic:9200
\.


--
-- Data for Name: app_model; Type: TABLE DATA; Schema: public; Owner: postgres
--

COPY public.app_model (id, title) FROM stdin;
1	GenrePostgres
2	PersonPostgres
3	FilmworkPostgres
4	PersonFilmworkPostgres
6	GenreElastic
5	GenreFilmworkPostgres
7	PersonElastic
8	MovieElastic
9	MovieGenreNameElastic
10	MoviePersonNameElastic
11	MoviePersonElastic
\.


--
-- Data for Name: app_process; Type: TABLE DATA; Schema: public; Owner: postgres
--

COPY public.app_process (id, slug, status, from_table, to_table, index_col, sync, time_interval, model_id, source_id, target_id, task_id) FROM stdin;
1	sqlite_to_postgres_genre	disabled	genre	genre	id	f	1 min	1	1	2	1
2	sqlite_to_postgres_person	disabled	person	person	id	f	1 min	2	1	2	2
3	sqlite_to_postgres_filmwork	disabled	film_work	film_work	id	f	1 min	3	1	2	3
4	sqlite_to_postgres_genre_filmwork	disabled	genre_film_work	genre_film_work	id	f	1 min	5	1	2	4
5	sqlite_to_postgres_person_filmwork	disabled	person_film_work	person_film_work	id	f	1 min	4	1	2	5
6	postgres_to_elastic_genres	disabled	genre	genres	id	t	1 min	6	2	3	6
7	postgres_to_elastic_persons	disabled	person	persons	id	t	1 min	7	2	3	7
8	postgres_to_elastic_movies	disabled	film_work	movies	id	t	1 min	8	2	3	8
\.


--
-- Data for Name: app_relationship; Type: TABLE DATA; Schema: public; Owner: postgres
--

COPY public.app_relationship (id, related_name, "table", through_table, suffix, flat, condition, model_id, process_id) FROM stdin;
1	genre	genre	genre_film_work	_id	t	\N	9	8
2	director	person	person_film_work	_id	t	role == 'director'	10	8
3	actors_names	person	person_film_work	_id	t	role == 'actor'	10	8
4	writers_names	person	person_film_work	_id	t	role == 'writer'	10	8
5	actors	person	person_film_work	_id	f	role == 'actor'	11	8
6	writers	person	person_film_work	_id	f	role == 'writer'	11	8
\.


--
-- Data for Name: auth_group; Type: TABLE DATA; Schema: public; Owner: postgres
--

COPY public.auth_group (id, name) FROM stdin;
\.


--
-- Data for Name: auth_group_permissions; Type: TABLE DATA; Schema: public; Owner: postgres
--

COPY public.auth_group_permissions (id, group_id, permission_id) FROM stdin;
\.


--
-- Data for Name: auth_permission; Type: TABLE DATA; Schema: public; Owner: postgres
--

COPY public.auth_permission (id, name, content_type_id, codename) FROM stdin;
1	Can add log entry	1	add_logentry
2	Can change log entry	1	change_logentry
3	Can delete log entry	1	delete_logentry
4	Can view log entry	1	view_logentry
5	Can add permission	2	add_permission
6	Can change permission	2	change_permission
7	Can delete permission	2	delete_permission
8	Can view permission	2	view_permission
9	Can add group	3	add_group
10	Can change group	3	change_group
11	Can delete group	3	delete_group
12	Can view group	3	view_group
13	Can add user	4	add_user
14	Can change user	4	change_user
15	Can delete user	4	delete_user
16	Can view user	4	view_user
17	Can add content type	5	add_contenttype
18	Can change content type	5	change_contenttype
19	Can delete content type	5	delete_contenttype
20	Can view content type	5	view_contenttype
21	Can add session	6	add_session
22	Can change session	6	change_session
23	Can delete session	6	delete_session
24	Can view session	6	view_session
25	Can add crontab	7	add_crontabschedule
26	Can change crontab	7	change_crontabschedule
27	Can delete crontab	7	delete_crontabschedule
28	Can view crontab	7	view_crontabschedule
29	Can add interval	8	add_intervalschedule
30	Can change interval	8	change_intervalschedule
31	Can delete interval	8	delete_intervalschedule
32	Can view interval	8	view_intervalschedule
33	Can add periodic task	9	add_periodictask
34	Can change periodic task	9	change_periodictask
35	Can delete periodic task	9	delete_periodictask
36	Can view periodic task	9	view_periodictask
37	Can add periodic tasks	10	add_periodictasks
38	Can change periodic tasks	10	change_periodictasks
39	Can delete periodic tasks	10	delete_periodictasks
40	Can view periodic tasks	10	view_periodictasks
41	Can add solar event	11	add_solarschedule
42	Can change solar event	11	change_solarschedule
43	Can delete solar event	11	delete_solarschedule
44	Can view solar event	11	view_solarschedule
45	Can add clocked	12	add_clockedschedule
46	Can change clocked	12	change_clockedschedule
47	Can delete clocked	12	delete_clockedschedule
48	Can view clocked	12	view_clockedschedule
49	Can add database	13	add_database
50	Can change database	13	change_database
51	Can delete database	13	delete_database
52	Can view database	13	view_database
53	Can add model	14	add_model
54	Can change model	14	change_model
55	Can delete model	14	delete_model
56	Can view model	14	view_model
57	Can add process	15	add_process
58	Can change process	15	change_process
59	Can delete process	15	delete_process
60	Can view process	15	view_process
61	Can add relationship	16	add_relationship
62	Can change relationship	16	change_relationship
63	Can delete relationship	16	delete_relationship
64	Can view relationship	16	view_relationship
65	Can add column	17	add_column
66	Can change column	17	change_column
67	Can delete column	17	delete_column
68	Can view column	17	view_column
\.


--
-- Data for Name: auth_user; Type: TABLE DATA; Schema: public; Owner: postgres
--

COPY public.auth_user (id, password, last_login, is_superuser, username, first_name, last_name, email, is_staff, is_active, date_joined) FROM stdin;
1	pbkdf2_sha256$600000$zc07oQtRshbvV7eoAO5HFD$n6sm2u8k9bzeRMrcw7ZMIFzXZHO9L8oUTWzHDA9gTxo=	2023-04-29 15:26:24.895548+03	t	admin				t	t	2023-04-29 15:26:07.710722+03
\.


--
-- Data for Name: auth_user_groups; Type: TABLE DATA; Schema: public; Owner: postgres
--

COPY public.auth_user_groups (id, user_id, group_id) FROM stdin;
\.


--
-- Data for Name: auth_user_user_permissions; Type: TABLE DATA; Schema: public; Owner: postgres
--

COPY public.auth_user_user_permissions (id, user_id, permission_id) FROM stdin;
\.


--
-- Data for Name: django_admin_log; Type: TABLE DATA; Schema: public; Owner: postgres
--

COPY public.django_admin_log (id, action_time, object_id, object_repr, action_flag, change_message, content_type_id, user_id) FROM stdin;
1	2023-04-29 15:27:32.949277+03	1	SQLiteMovies	1	[{"added": {}}]	13	1
2	2023-04-29 15:28:56.710936+03	2	PostgresMovies	1	[{"added": {}}]	13	1
3	2023-04-29 15:29:31.447403+03	3	ElasticsearchMovies	1	[{"added": {}}]	13	1
4	2023-04-29 15:31:11.662153+03	1	GenrePostgres	1	[{"added": {}}, {"added": {"name": "column", "object": "id: UUID"}}, {"added": {"name": "column", "object": "name: STR"}}, {"added": {"name": "column", "object": "description: STR DEFAULT ''"}}, {"added": {"name": "column", "object": "created: DATETIME"}}, {"added": {"name": "column", "object": "modified: DATETIME"}}]	14	1
5	2023-04-29 15:32:00.136036+03	2	PersonPostgres	1	[{"added": {}}, {"added": {"name": "column", "object": "id: UUID"}}, {"added": {"name": "column", "object": "full_name: STR"}}, {"added": {"name": "column", "object": "created: DATETIME"}}, {"added": {"name": "column", "object": "modified: DATETIME"}}]	14	1
6	2023-04-29 15:34:15.604412+03	3	FilmworkPostgres	1	[{"added": {}}, {"added": {"name": "column", "object": "id: UUID"}}, {"added": {"name": "column", "object": "title: STR"}}, {"added": {"name": "column", "object": "description: STR DEFAULT ''"}}, {"added": {"name": "column", "object": "creation_date: DATE DEFAULT None"}}, {"added": {"name": "column", "object": "rating: FLOAT DEFAULT 0"}}, {"added": {"name": "column", "object": "type: STR"}}, {"added": {"name": "column", "object": "created: DATETIME"}}, {"added": {"name": "column", "object": "modified: DATETIME"}}]	14	1
7	2023-04-29 15:35:13.44307+03	4	PersonFilmworkPostgres	1	[{"added": {}}, {"added": {"name": "column", "object": "id: UUID"}}, {"added": {"name": "column", "object": "film_work_id: UUID"}}, {"added": {"name": "column", "object": "person_id: UUID"}}, {"added": {"name": "column", "object": "role: STR"}}, {"added": {"name": "column", "object": "created: DATETIME"}}]	14	1
8	2023-04-29 15:35:59.889861+03	5	GenreFilmwork	1	[{"added": {}}, {"added": {"name": "column", "object": "id: UUID"}}, {"added": {"name": "column", "object": "film_work_id: UUID"}}, {"added": {"name": "column", "object": "genre_id: UUID"}}, {"added": {"name": "column", "object": "created: DATETIME"}}]	14	1
9	2023-04-29 15:36:50.086535+03	6	GenreElastic	1	[{"added": {}}, {"added": {"name": "column", "object": "id: UUID"}}, {"added": {"name": "column", "object": "name: STR"}}, {"added": {"name": "column", "object": "description: STR DEFAULT ''"}}]	14	1
10	2023-04-29 15:36:59.779688+03	5	GenreFilmworkPostgres	2	[{"changed": {"fields": ["Title"]}}]	14	1
11	2023-04-29 15:37:47.15815+03	7	PersonElastic	1	[{"added": {}}, {"added": {"name": "column", "object": "id: UUID"}}, {"added": {"name": "column", "object": "full_name: STR"}}]	14	1
12	2023-04-29 15:38:59.172008+03	8	MovieElastic	1	[{"added": {}}, {"added": {"name": "column", "object": "id: UUID"}}, {"added": {"name": "column", "object": "imdb_rating: FLOAT DEFAULT 0"}}, {"added": {"name": "column", "object": "title: STR"}}, {"added": {"name": "column", "object": "description: STR"}}]	14	1
13	2023-04-29 15:39:50.056561+03	9	GenreNameElastic	1	[{"added": {}}, {"added": {"name": "column", "object": "name: STR"}}]	14	1
14	2023-04-29 15:40:16.387125+03	10	PersonNameElastic	1	[{"added": {}}, {"added": {"name": "column", "object": "full_name: STR"}}]	14	1
15	2023-04-29 15:40:31.152016+03	9	MovieGenreNameElastic	2	[{"changed": {"fields": ["Title"]}}]	14	1
16	2023-04-29 15:40:38.028797+03	10	MoviePersonNameElastic	2	[{"changed": {"fields": ["Title"]}}]	14	1
17	2023-04-29 15:41:24.633359+03	11	MoviePersonElastic	1	[{"added": {}}, {"added": {"name": "column", "object": "id: UUID"}}, {"added": {"name": "column", "object": "name: STR"}}]	14	1
18	2023-04-29 15:42:18.145175+03	1	sqlite_to_postgres_genre	1	[{"added": {}}]	15	1
19	2023-04-29 15:42:56.660638+03	2	sqlite_to_postgres_person	1	[{"added": {}}]	15	1
20	2023-04-29 15:43:38.647865+03	3	sqlite_to_postgres_filmwork	1	[{"added": {}}]	15	1
21	2023-04-29 15:44:45.485132+03	4	sqlite_to_postgres_genre_filmwork	1	[{"added": {}}]	15	1
22	2023-04-29 15:45:25.658978+03	5	sqlite_to_postgres_person_filmwork	1	[{"added": {}}]	15	1
23	2023-04-29 15:46:09.809675+03	6	postgres_to_elastic_genres	1	[{"added": {}}]	15	1
24	2023-04-29 15:46:52.310106+03	7	postgres_to_elastic_persons	1	[{"added": {}}]	15	1
25	2023-04-29 15:51:08.006156+03	8	postgres_to_elastic_movies	1	[{"added": {}}, {"added": {"name": "relationship", "object": "Relationship object (1)"}}, {"added": {"name": "relationship", "object": "Relationship object (2)"}}, {"added": {"name": "relationship", "object": "Relationship object (3)"}}, {"added": {"name": "relationship", "object": "Relationship object (4)"}}, {"added": {"name": "relationship", "object": "Relationship object (5)"}}, {"added": {"name": "relationship", "object": "Relationship object (6)"}}]	15	1
\.


--
-- Data for Name: django_celery_beat_clockedschedule; Type: TABLE DATA; Schema: public; Owner: postgres
--

COPY public.django_celery_beat_clockedschedule (id, clocked_time) FROM stdin;
\.


--
-- Data for Name: django_celery_beat_crontabschedule; Type: TABLE DATA; Schema: public; Owner: postgres
--

COPY public.django_celery_beat_crontabschedule (id, minute, hour, day_of_week, day_of_month, month_of_year, timezone) FROM stdin;
\.


--
-- Data for Name: django_celery_beat_intervalschedule; Type: TABLE DATA; Schema: public; Owner: postgres
--

COPY public.django_celery_beat_intervalschedule (id, every, period) FROM stdin;
1	1	minutes
\.


--
-- Data for Name: django_celery_beat_periodictask; Type: TABLE DATA; Schema: public; Owner: postgres
--

COPY public.django_celery_beat_periodictask (id, name, task, args, kwargs, queue, exchange, routing_key, expires, enabled, last_run_at, total_run_count, date_changed, description, crontab_id, interval_id, solar_id, one_off, start_time, priority, headers, clocked_id, expire_seconds) FROM stdin;
1	sqlite_to_postgres_genre	transfer_data	[1]	{}	\N	\N	\N	\N	f	\N	0	2023-04-29 15:42:18.139492+03		\N	1	\N	t	2023-04-29 15:42:18.118949+03	\N	{}	\N	\N
2	sqlite_to_postgres_person	transfer_data	[2]	{}	\N	\N	\N	\N	f	\N	0	2023-04-29 15:42:56.657226+03		\N	1	\N	t	2023-04-29 15:42:56.643057+03	\N	{}	\N	\N
3	sqlite_to_postgres_filmwork	transfer_data	[3]	{}	\N	\N	\N	\N	f	\N	0	2023-04-29 15:43:38.643721+03		\N	1	\N	t	2023-04-29 15:43:38.627492+03	\N	{}	\N	\N
4	sqlite_to_postgres_genre_filmwork	transfer_data	[4]	{}	\N	\N	\N	\N	f	\N	0	2023-04-29 15:44:45.481381+03		\N	1	\N	t	2023-04-29 15:44:45.46765+03	\N	{}	\N	\N
5	sqlite_to_postgres_person_filmwork	transfer_data	[5]	{}	\N	\N	\N	\N	f	\N	0	2023-04-29 15:45:25.654584+03		\N	1	\N	t	2023-04-29 15:45:25.639504+03	\N	{}	\N	\N
6	postgres_to_elastic_genres	sync_data	[6]	{}	\N	\N	\N	\N	f	\N	0	2023-04-29 15:46:09.805583+03		\N	1	\N	f	2023-04-29 15:46:09.78972+03	\N	{}	\N	\N
7	postgres_to_elastic_persons	sync_data	[7]	{}	\N	\N	\N	\N	f	\N	0	2023-04-29 15:46:52.306366+03		\N	1	\N	f	2023-04-29 15:46:52.288221+03	\N	{}	\N	\N
8	postgres_to_elastic_movies	sync_data	[8]	{}	\N	\N	\N	\N	f	\N	0	2023-04-29 15:51:07.994563+03		\N	1	\N	f	2023-04-29 15:51:07.979224+03	\N	{}	\N	\N
\.


--
-- Data for Name: django_celery_beat_periodictasks; Type: TABLE DATA; Schema: public; Owner: postgres
--

COPY public.django_celery_beat_periodictasks (ident, last_update) FROM stdin;
1	2023-04-29 15:51:07.995716+03
\.


--
-- Data for Name: django_celery_beat_solarschedule; Type: TABLE DATA; Schema: public; Owner: postgres
--

COPY public.django_celery_beat_solarschedule (id, event, latitude, longitude) FROM stdin;
\.


--
-- Data for Name: django_content_type; Type: TABLE DATA; Schema: public; Owner: postgres
--

COPY public.django_content_type (id, app_label, model) FROM stdin;
1	admin	logentry
2	auth	permission
3	auth	group
4	auth	user
5	contenttypes	contenttype
6	sessions	session
7	django_celery_beat	crontabschedule
8	django_celery_beat	intervalschedule
9	django_celery_beat	periodictask
10	django_celery_beat	periodictasks
11	django_celery_beat	solarschedule
12	django_celery_beat	clockedschedule
13	app	database
14	app	model
15	app	process
16	app	relationship
17	app	column
\.


--
-- Data for Name: django_migrations; Type: TABLE DATA; Schema: public; Owner: postgres
--

COPY public.django_migrations (id, app, name, applied) FROM stdin;
1	contenttypes	0001_initial	2023-04-29 15:25:41.849279+03
2	auth	0001_initial	2023-04-29 15:25:41.898615+03
3	admin	0001_initial	2023-04-29 15:25:41.910304+03
4	admin	0002_logentry_remove_auto_add	2023-04-29 15:25:41.915351+03
5	admin	0003_logentry_add_action_flag_choices	2023-04-29 15:25:41.920383+03
6	django_celery_beat	0001_initial	2023-04-29 15:25:41.939707+03
7	django_celery_beat	0002_auto_20161118_0346	2023-04-29 15:25:41.94927+03
8	django_celery_beat	0003_auto_20161209_0049	2023-04-29 15:25:41.954515+03
9	django_celery_beat	0004_auto_20170221_0000	2023-04-29 15:25:41.957505+03
10	django_celery_beat	0005_add_solarschedule_events_choices	2023-04-29 15:25:41.960632+03
11	django_celery_beat	0006_auto_20180322_0932	2023-04-29 15:25:41.973163+03
12	django_celery_beat	0007_auto_20180521_0826	2023-04-29 15:25:41.979597+03
13	django_celery_beat	0008_auto_20180914_1922	2023-04-29 15:25:41.989487+03
14	django_celery_beat	0006_auto_20180210_1226	2023-04-29 15:25:41.996208+03
15	django_celery_beat	0006_periodictask_priority	2023-04-29 15:25:42.000854+03
16	django_celery_beat	0009_periodictask_headers	2023-04-29 15:25:42.005707+03
17	django_celery_beat	0010_auto_20190429_0326	2023-04-29 15:25:42.049964+03
18	django_celery_beat	0011_auto_20190508_0153	2023-04-29 15:25:42.05952+03
19	django_celery_beat	0012_periodictask_expire_seconds	2023-04-29 15:25:42.064076+03
20	django_celery_beat	0013_auto_20200609_0727	2023-04-29 15:25:42.067711+03
21	django_celery_beat	0014_remove_clockedschedule_enabled	2023-04-29 15:25:42.070513+03
22	django_celery_beat	0015_edit_solarschedule_events_choices	2023-04-29 15:25:42.073708+03
23	django_celery_beat	0016_alter_crontabschedule_timezone	2023-04-29 15:25:42.077348+03
24	django_celery_beat	0017_alter_crontabschedule_month_of_year	2023-04-29 15:25:42.080987+03
25	django_celery_beat	0018_improve_crontab_helptext	2023-04-29 15:25:42.084619+03
26	app	0001_initial	2023-04-29 15:25:42.138539+03
27	contenttypes	0002_remove_content_type_name	2023-04-29 15:25:42.163537+03
28	auth	0002_alter_permission_name_max_length	2023-04-29 15:25:42.168412+03
29	auth	0003_alter_user_email_max_length	2023-04-29 15:25:42.17395+03
30	auth	0004_alter_user_username_opts	2023-04-29 15:25:42.179148+03
31	auth	0005_alter_user_last_login_null	2023-04-29 15:25:42.184125+03
32	auth	0006_require_contenttypes_0002	2023-04-29 15:25:42.186236+03
33	auth	0007_alter_validators_add_error_messages	2023-04-29 15:25:42.192024+03
34	auth	0008_alter_user_username_max_length	2023-04-29 15:25:42.200642+03
35	auth	0009_alter_user_last_name_max_length	2023-04-29 15:25:42.206571+03
36	auth	0010_alter_group_name_max_length	2023-04-29 15:25:42.21382+03
37	auth	0011_update_proxy_permissions	2023-04-29 15:25:42.222521+03
38	auth	0012_alter_user_first_name_max_length	2023-04-29 15:25:42.228183+03
39	sessions	0001_initial	2023-04-29 15:25:42.235816+03
\.


--
-- Data for Name: django_session; Type: TABLE DATA; Schema: public; Owner: postgres
--

COPY public.django_session (session_key, session_data, expire_date) FROM stdin;
24suq4m2s6wlikut5h1ppl3pd9733a7c	.eJxVjEEOwiAQRe_C2hCxDENduvcMZIYBqRpISrsy3l2bdKHb_977LxVoXUpYe5rDJOqsjDr8bkzxkeoG5E711nRsdZkn1puid9r1tUl6Xnb376BQL9969B7IRbCOM6MxxwHiyWUbM6YB0igWCSyCeJ-Y0AsayAyIaCxzNur9AdgqN8I:1psjei:HcM6iw2Nfz0j1xx67nM17oLA1eeo0c3TlxEF3NbpP0g	2023-05-13 15:26:24.896674+03
\.


--
-- Name: app_column_id_seq; Type: SEQUENCE SET; Schema: public; Owner: postgres
--

SELECT pg_catalog.setval('public.app_column_id_seq', 39, true);


--
-- Name: app_database_id_seq; Type: SEQUENCE SET; Schema: public; Owner: postgres
--

SELECT pg_catalog.setval('public.app_database_id_seq', 3, true);


--
-- Name: app_model_id_seq; Type: SEQUENCE SET; Schema: public; Owner: postgres
--

SELECT pg_catalog.setval('public.app_model_id_seq', 11, true);


--
-- Name: app_process_id_seq; Type: SEQUENCE SET; Schema: public; Owner: postgres
--

SELECT pg_catalog.setval('public.app_process_id_seq', 8, true);


--
-- Name: app_relationship_id_seq; Type: SEQUENCE SET; Schema: public; Owner: postgres
--

SELECT pg_catalog.setval('public.app_relationship_id_seq', 6, true);


--
-- Name: auth_group_id_seq; Type: SEQUENCE SET; Schema: public; Owner: postgres
--

SELECT pg_catalog.setval('public.auth_group_id_seq', 1, false);


--
-- Name: auth_group_permissions_id_seq; Type: SEQUENCE SET; Schema: public; Owner: postgres
--

SELECT pg_catalog.setval('public.auth_group_permissions_id_seq', 1, false);


--
-- Name: auth_permission_id_seq; Type: SEQUENCE SET; Schema: public; Owner: postgres
--

SELECT pg_catalog.setval('public.auth_permission_id_seq', 68, true);


--
-- Name: auth_user_groups_id_seq; Type: SEQUENCE SET; Schema: public; Owner: postgres
--

SELECT pg_catalog.setval('public.auth_user_groups_id_seq', 1, false);


--
-- Name: auth_user_id_seq; Type: SEQUENCE SET; Schema: public; Owner: postgres
--

SELECT pg_catalog.setval('public.auth_user_id_seq', 1, true);


--
-- Name: auth_user_user_permissions_id_seq; Type: SEQUENCE SET; Schema: public; Owner: postgres
--

SELECT pg_catalog.setval('public.auth_user_user_permissions_id_seq', 1, false);


--
-- Name: django_admin_log_id_seq; Type: SEQUENCE SET; Schema: public; Owner: postgres
--

SELECT pg_catalog.setval('public.django_admin_log_id_seq', 25, true);


--
-- Name: django_celery_beat_clockedschedule_id_seq; Type: SEQUENCE SET; Schema: public; Owner: postgres
--

SELECT pg_catalog.setval('public.django_celery_beat_clockedschedule_id_seq', 1, false);


--
-- Name: django_celery_beat_crontabschedule_id_seq; Type: SEQUENCE SET; Schema: public; Owner: postgres
--

SELECT pg_catalog.setval('public.django_celery_beat_crontabschedule_id_seq', 1, false);


--
-- Name: django_celery_beat_intervalschedule_id_seq; Type: SEQUENCE SET; Schema: public; Owner: postgres
--

SELECT pg_catalog.setval('public.django_celery_beat_intervalschedule_id_seq', 1, true);


--
-- Name: django_celery_beat_periodictask_id_seq; Type: SEQUENCE SET; Schema: public; Owner: postgres
--

SELECT pg_catalog.setval('public.django_celery_beat_periodictask_id_seq', 8, true);


--
-- Name: django_celery_beat_solarschedule_id_seq; Type: SEQUENCE SET; Schema: public; Owner: postgres
--

SELECT pg_catalog.setval('public.django_celery_beat_solarschedule_id_seq', 1, false);


--
-- Name: django_content_type_id_seq; Type: SEQUENCE SET; Schema: public; Owner: postgres
--

SELECT pg_catalog.setval('public.django_content_type_id_seq', 17, true);


--
-- Name: django_migrations_id_seq; Type: SEQUENCE SET; Schema: public; Owner: postgres
--

SELECT pg_catalog.setval('public.django_migrations_id_seq', 39, true);


--
-- Name: app_column app_column_pkey; Type: CONSTRAINT; Schema: public; Owner: postgres
--

ALTER TABLE ONLY public.app_column
    ADD CONSTRAINT app_column_pkey PRIMARY KEY (id);


--
-- Name: app_database app_database_pkey; Type: CONSTRAINT; Schema: public; Owner: postgres
--

ALTER TABLE ONLY public.app_database
    ADD CONSTRAINT app_database_pkey PRIMARY KEY (id);


--
-- Name: app_database app_database_slug_key; Type: CONSTRAINT; Schema: public; Owner: postgres
--

ALTER TABLE ONLY public.app_database
    ADD CONSTRAINT app_database_slug_key UNIQUE (slug);


--
-- Name: app_model app_model_pkey; Type: CONSTRAINT; Schema: public; Owner: postgres
--

ALTER TABLE ONLY public.app_model
    ADD CONSTRAINT app_model_pkey PRIMARY KEY (id);


--
-- Name: app_model app_model_title_key; Type: CONSTRAINT; Schema: public; Owner: postgres
--

ALTER TABLE ONLY public.app_model
    ADD CONSTRAINT app_model_title_key UNIQUE (title);


--
-- Name: app_process app_process_pkey; Type: CONSTRAINT; Schema: public; Owner: postgres
--

ALTER TABLE ONLY public.app_process
    ADD CONSTRAINT app_process_pkey PRIMARY KEY (id);


--
-- Name: app_process app_process_slug_key; Type: CONSTRAINT; Schema: public; Owner: postgres
--

ALTER TABLE ONLY public.app_process
    ADD CONSTRAINT app_process_slug_key UNIQUE (slug);


--
-- Name: app_process app_process_task_id_key; Type: CONSTRAINT; Schema: public; Owner: postgres
--

ALTER TABLE ONLY public.app_process
    ADD CONSTRAINT app_process_task_id_key UNIQUE (task_id);


--
-- Name: app_relationship app_relationship_pkey; Type: CONSTRAINT; Schema: public; Owner: postgres
--

ALTER TABLE ONLY public.app_relationship
    ADD CONSTRAINT app_relationship_pkey PRIMARY KEY (id);


--
-- Name: auth_group auth_group_name_key; Type: CONSTRAINT; Schema: public; Owner: postgres
--

ALTER TABLE ONLY public.auth_group
    ADD CONSTRAINT auth_group_name_key UNIQUE (name);


--
-- Name: auth_group_permissions auth_group_permissions_group_id_permission_id_0cd325b0_uniq; Type: CONSTRAINT; Schema: public; Owner: postgres
--

ALTER TABLE ONLY public.auth_group_permissions
    ADD CONSTRAINT auth_group_permissions_group_id_permission_id_0cd325b0_uniq UNIQUE (group_id, permission_id);


--
-- Name: auth_group_permissions auth_group_permissions_pkey; Type: CONSTRAINT; Schema: public; Owner: postgres
--

ALTER TABLE ONLY public.auth_group_permissions
    ADD CONSTRAINT auth_group_permissions_pkey PRIMARY KEY (id);


--
-- Name: auth_group auth_group_pkey; Type: CONSTRAINT; Schema: public; Owner: postgres
--

ALTER TABLE ONLY public.auth_group
    ADD CONSTRAINT auth_group_pkey PRIMARY KEY (id);


--
-- Name: auth_permission auth_permission_content_type_id_codename_01ab375a_uniq; Type: CONSTRAINT; Schema: public; Owner: postgres
--

ALTER TABLE ONLY public.auth_permission
    ADD CONSTRAINT auth_permission_content_type_id_codename_01ab375a_uniq UNIQUE (content_type_id, codename);


--
-- Name: auth_permission auth_permission_pkey; Type: CONSTRAINT; Schema: public; Owner: postgres
--

ALTER TABLE ONLY public.auth_permission
    ADD CONSTRAINT auth_permission_pkey PRIMARY KEY (id);


--
-- Name: auth_user_groups auth_user_groups_pkey; Type: CONSTRAINT; Schema: public; Owner: postgres
--

ALTER TABLE ONLY public.auth_user_groups
    ADD CONSTRAINT auth_user_groups_pkey PRIMARY KEY (id);


--
-- Name: auth_user_groups auth_user_groups_user_id_group_id_94350c0c_uniq; Type: CONSTRAINT; Schema: public; Owner: postgres
--

ALTER TABLE ONLY public.auth_user_groups
    ADD CONSTRAINT auth_user_groups_user_id_group_id_94350c0c_uniq UNIQUE (user_id, group_id);


--
-- Name: auth_user auth_user_pkey; Type: CONSTRAINT; Schema: public; Owner: postgres
--

ALTER TABLE ONLY public.auth_user
    ADD CONSTRAINT auth_user_pkey PRIMARY KEY (id);


--
-- Name: auth_user_user_permissions auth_user_user_permissions_pkey; Type: CONSTRAINT; Schema: public; Owner: postgres
--

ALTER TABLE ONLY public.auth_user_user_permissions
    ADD CONSTRAINT auth_user_user_permissions_pkey PRIMARY KEY (id);


--
-- Name: auth_user_user_permissions auth_user_user_permissions_user_id_permission_id_14a6b632_uniq; Type: CONSTRAINT; Schema: public; Owner: postgres
--

ALTER TABLE ONLY public.auth_user_user_permissions
    ADD CONSTRAINT auth_user_user_permissions_user_id_permission_id_14a6b632_uniq UNIQUE (user_id, permission_id);


--
-- Name: auth_user auth_user_username_key; Type: CONSTRAINT; Schema: public; Owner: postgres
--

ALTER TABLE ONLY public.auth_user
    ADD CONSTRAINT auth_user_username_key UNIQUE (username);


--
-- Name: django_admin_log django_admin_log_pkey; Type: CONSTRAINT; Schema: public; Owner: postgres
--

ALTER TABLE ONLY public.django_admin_log
    ADD CONSTRAINT django_admin_log_pkey PRIMARY KEY (id);


--
-- Name: django_celery_beat_clockedschedule django_celery_beat_clockedschedule_pkey; Type: CONSTRAINT; Schema: public; Owner: postgres
--

ALTER TABLE ONLY public.django_celery_beat_clockedschedule
    ADD CONSTRAINT django_celery_beat_clockedschedule_pkey PRIMARY KEY (id);


--
-- Name: django_celery_beat_crontabschedule django_celery_beat_crontabschedule_pkey; Type: CONSTRAINT; Schema: public; Owner: postgres
--

ALTER TABLE ONLY public.django_celery_beat_crontabschedule
    ADD CONSTRAINT django_celery_beat_crontabschedule_pkey PRIMARY KEY (id);


--
-- Name: django_celery_beat_intervalschedule django_celery_beat_intervalschedule_pkey; Type: CONSTRAINT; Schema: public; Owner: postgres
--

ALTER TABLE ONLY public.django_celery_beat_intervalschedule
    ADD CONSTRAINT django_celery_beat_intervalschedule_pkey PRIMARY KEY (id);


--
-- Name: django_celery_beat_periodictask django_celery_beat_periodictask_name_key; Type: CONSTRAINT; Schema: public; Owner: postgres
--

ALTER TABLE ONLY public.django_celery_beat_periodictask
    ADD CONSTRAINT django_celery_beat_periodictask_name_key UNIQUE (name);


--
-- Name: django_celery_beat_periodictask django_celery_beat_periodictask_pkey; Type: CONSTRAINT; Schema: public; Owner: postgres
--

ALTER TABLE ONLY public.django_celery_beat_periodictask
    ADD CONSTRAINT django_celery_beat_periodictask_pkey PRIMARY KEY (id);


--
-- Name: django_celery_beat_periodictasks django_celery_beat_periodictasks_pkey; Type: CONSTRAINT; Schema: public; Owner: postgres
--

ALTER TABLE ONLY public.django_celery_beat_periodictasks
    ADD CONSTRAINT django_celery_beat_periodictasks_pkey PRIMARY KEY (ident);


--
-- Name: django_celery_beat_solarschedule django_celery_beat_solar_event_latitude_longitude_ba64999a_uniq; Type: CONSTRAINT; Schema: public; Owner: postgres
--

ALTER TABLE ONLY public.django_celery_beat_solarschedule
    ADD CONSTRAINT django_celery_beat_solar_event_latitude_longitude_ba64999a_uniq UNIQUE (event, latitude, longitude);


--
-- Name: django_celery_beat_solarschedule django_celery_beat_solarschedule_pkey; Type: CONSTRAINT; Schema: public; Owner: postgres
--

ALTER TABLE ONLY public.django_celery_beat_solarschedule
    ADD CONSTRAINT django_celery_beat_solarschedule_pkey PRIMARY KEY (id);


--
-- Name: django_content_type django_content_type_app_label_model_76bd3d3b_uniq; Type: CONSTRAINT; Schema: public; Owner: postgres
--

ALTER TABLE ONLY public.django_content_type
    ADD CONSTRAINT django_content_type_app_label_model_76bd3d3b_uniq UNIQUE (app_label, model);


--
-- Name: django_content_type django_content_type_pkey; Type: CONSTRAINT; Schema: public; Owner: postgres
--

ALTER TABLE ONLY public.django_content_type
    ADD CONSTRAINT django_content_type_pkey PRIMARY KEY (id);


--
-- Name: django_migrations django_migrations_pkey; Type: CONSTRAINT; Schema: public; Owner: postgres
--

ALTER TABLE ONLY public.django_migrations
    ADD CONSTRAINT django_migrations_pkey PRIMARY KEY (id);


--
-- Name: django_session django_session_pkey; Type: CONSTRAINT; Schema: public; Owner: postgres
--

ALTER TABLE ONLY public.django_session
    ADD CONSTRAINT django_session_pkey PRIMARY KEY (session_key);


--
-- Name: app_column_model_id_edead344; Type: INDEX; Schema: public; Owner: postgres
--

CREATE INDEX app_column_model_id_edead344 ON public.app_column USING btree (model_id);


--
-- Name: app_database_slug_6dfea995_like; Type: INDEX; Schema: public; Owner: postgres
--

CREATE INDEX app_database_slug_6dfea995_like ON public.app_database USING btree (slug varchar_pattern_ops);


--
-- Name: app_model_title_2221df49_like; Type: INDEX; Schema: public; Owner: postgres
--

CREATE INDEX app_model_title_2221df49_like ON public.app_model USING btree (title varchar_pattern_ops);


--
-- Name: app_process_model_id_a18ff5ef; Type: INDEX; Schema: public; Owner: postgres
--

CREATE INDEX app_process_model_id_a18ff5ef ON public.app_process USING btree (model_id);


--
-- Name: app_process_slug_09c16d9c_like; Type: INDEX; Schema: public; Owner: postgres
--

CREATE INDEX app_process_slug_09c16d9c_like ON public.app_process USING btree (slug varchar_pattern_ops);


--
-- Name: app_process_source_id_3f94ccc5; Type: INDEX; Schema: public; Owner: postgres
--

CREATE INDEX app_process_source_id_3f94ccc5 ON public.app_process USING btree (source_id);


--
-- Name: app_process_target_id_aaaaf787; Type: INDEX; Schema: public; Owner: postgres
--

CREATE INDEX app_process_target_id_aaaaf787 ON public.app_process USING btree (target_id);


--
-- Name: app_relationship_model_id_381ca6aa; Type: INDEX; Schema: public; Owner: postgres
--

CREATE INDEX app_relationship_model_id_381ca6aa ON public.app_relationship USING btree (model_id);


--
-- Name: app_relationship_process_id_65894668; Type: INDEX; Schema: public; Owner: postgres
--

CREATE INDEX app_relationship_process_id_65894668 ON public.app_relationship USING btree (process_id);


--
-- Name: auth_group_name_a6ea08ec_like; Type: INDEX; Schema: public; Owner: postgres
--

CREATE INDEX auth_group_name_a6ea08ec_like ON public.auth_group USING btree (name varchar_pattern_ops);


--
-- Name: auth_group_permissions_group_id_b120cbf9; Type: INDEX; Schema: public; Owner: postgres
--

CREATE INDEX auth_group_permissions_group_id_b120cbf9 ON public.auth_group_permissions USING btree (group_id);


--
-- Name: auth_group_permissions_permission_id_84c5c92e; Type: INDEX; Schema: public; Owner: postgres
--

CREATE INDEX auth_group_permissions_permission_id_84c5c92e ON public.auth_group_permissions USING btree (permission_id);


--
-- Name: auth_permission_content_type_id_2f476e4b; Type: INDEX; Schema: public; Owner: postgres
--

CREATE INDEX auth_permission_content_type_id_2f476e4b ON public.auth_permission USING btree (content_type_id);


--
-- Name: auth_user_groups_group_id_97559544; Type: INDEX; Schema: public; Owner: postgres
--

CREATE INDEX auth_user_groups_group_id_97559544 ON public.auth_user_groups USING btree (group_id);


--
-- Name: auth_user_groups_user_id_6a12ed8b; Type: INDEX; Schema: public; Owner: postgres
--

CREATE INDEX auth_user_groups_user_id_6a12ed8b ON public.auth_user_groups USING btree (user_id);


--
-- Name: auth_user_user_permissions_permission_id_1fbb5f2c; Type: INDEX; Schema: public; Owner: postgres
--

CREATE INDEX auth_user_user_permissions_permission_id_1fbb5f2c ON public.auth_user_user_permissions USING btree (permission_id);


--
-- Name: auth_user_user_permissions_user_id_a95ead1b; Type: INDEX; Schema: public; Owner: postgres
--

CREATE INDEX auth_user_user_permissions_user_id_a95ead1b ON public.auth_user_user_permissions USING btree (user_id);


--
-- Name: auth_user_username_6821ab7c_like; Type: INDEX; Schema: public; Owner: postgres
--

CREATE INDEX auth_user_username_6821ab7c_like ON public.auth_user USING btree (username varchar_pattern_ops);


--
-- Name: django_admin_log_content_type_id_c4bce8eb; Type: INDEX; Schema: public; Owner: postgres
--

CREATE INDEX django_admin_log_content_type_id_c4bce8eb ON public.django_admin_log USING btree (content_type_id);


--
-- Name: django_admin_log_user_id_c564eba6; Type: INDEX; Schema: public; Owner: postgres
--

CREATE INDEX django_admin_log_user_id_c564eba6 ON public.django_admin_log USING btree (user_id);


--
-- Name: django_celery_beat_periodictask_clocked_id_47a69f82; Type: INDEX; Schema: public; Owner: postgres
--

CREATE INDEX django_celery_beat_periodictask_clocked_id_47a69f82 ON public.django_celery_beat_periodictask USING btree (clocked_id);


--
-- Name: django_celery_beat_periodictask_crontab_id_d3cba168; Type: INDEX; Schema: public; Owner: postgres
--

CREATE INDEX django_celery_beat_periodictask_crontab_id_d3cba168 ON public.django_celery_beat_periodictask USING btree (crontab_id);


--
-- Name: django_celery_beat_periodictask_interval_id_a8ca27da; Type: INDEX; Schema: public; Owner: postgres
--

CREATE INDEX django_celery_beat_periodictask_interval_id_a8ca27da ON public.django_celery_beat_periodictask USING btree (interval_id);


--
-- Name: django_celery_beat_periodictask_name_265a36b7_like; Type: INDEX; Schema: public; Owner: postgres
--

CREATE INDEX django_celery_beat_periodictask_name_265a36b7_like ON public.django_celery_beat_periodictask USING btree (name varchar_pattern_ops);


--
-- Name: django_celery_beat_periodictask_solar_id_a87ce72c; Type: INDEX; Schema: public; Owner: postgres
--

CREATE INDEX django_celery_beat_periodictask_solar_id_a87ce72c ON public.django_celery_beat_periodictask USING btree (solar_id);


--
-- Name: django_session_expire_date_a5c62663; Type: INDEX; Schema: public; Owner: postgres
--

CREATE INDEX django_session_expire_date_a5c62663 ON public.django_session USING btree (expire_date);


--
-- Name: django_session_session_key_c0390e0f_like; Type: INDEX; Schema: public; Owner: postgres
--

CREATE INDEX django_session_session_key_c0390e0f_like ON public.django_session USING btree (session_key varchar_pattern_ops);


--
-- Name: app_column app_column_model_id_edead344_fk_app_model_id; Type: FK CONSTRAINT; Schema: public; Owner: postgres
--

ALTER TABLE ONLY public.app_column
    ADD CONSTRAINT app_column_model_id_edead344_fk_app_model_id FOREIGN KEY (model_id) REFERENCES public.app_model(id) DEFERRABLE INITIALLY DEFERRED;


--
-- Name: app_process app_process_model_id_a18ff5ef_fk_app_model_id; Type: FK CONSTRAINT; Schema: public; Owner: postgres
--

ALTER TABLE ONLY public.app_process
    ADD CONSTRAINT app_process_model_id_a18ff5ef_fk_app_model_id FOREIGN KEY (model_id) REFERENCES public.app_model(id) DEFERRABLE INITIALLY DEFERRED;


--
-- Name: app_process app_process_source_id_3f94ccc5_fk_app_database_id; Type: FK CONSTRAINT; Schema: public; Owner: postgres
--

ALTER TABLE ONLY public.app_process
    ADD CONSTRAINT app_process_source_id_3f94ccc5_fk_app_database_id FOREIGN KEY (source_id) REFERENCES public.app_database(id) DEFERRABLE INITIALLY DEFERRED;


--
-- Name: app_process app_process_target_id_aaaaf787_fk_app_database_id; Type: FK CONSTRAINT; Schema: public; Owner: postgres
--

ALTER TABLE ONLY public.app_process
    ADD CONSTRAINT app_process_target_id_aaaaf787_fk_app_database_id FOREIGN KEY (target_id) REFERENCES public.app_database(id) DEFERRABLE INITIALLY DEFERRED;


--
-- Name: app_process app_process_task_id_c320a319_fk_django_ce; Type: FK CONSTRAINT; Schema: public; Owner: postgres
--

ALTER TABLE ONLY public.app_process
    ADD CONSTRAINT app_process_task_id_c320a319_fk_django_ce FOREIGN KEY (task_id) REFERENCES public.django_celery_beat_periodictask(id) DEFERRABLE INITIALLY DEFERRED;


--
-- Name: app_relationship app_relationship_model_id_381ca6aa_fk_app_model_id; Type: FK CONSTRAINT; Schema: public; Owner: postgres
--

ALTER TABLE ONLY public.app_relationship
    ADD CONSTRAINT app_relationship_model_id_381ca6aa_fk_app_model_id FOREIGN KEY (model_id) REFERENCES public.app_model(id) DEFERRABLE INITIALLY DEFERRED;


--
-- Name: app_relationship app_relationship_process_id_65894668_fk_app_process_id; Type: FK CONSTRAINT; Schema: public; Owner: postgres
--

ALTER TABLE ONLY public.app_relationship
    ADD CONSTRAINT app_relationship_process_id_65894668_fk_app_process_id FOREIGN KEY (process_id) REFERENCES public.app_process(id) DEFERRABLE INITIALLY DEFERRED;


--
-- Name: auth_group_permissions auth_group_permissio_permission_id_84c5c92e_fk_auth_perm; Type: FK CONSTRAINT; Schema: public; Owner: postgres
--

ALTER TABLE ONLY public.auth_group_permissions
    ADD CONSTRAINT auth_group_permissio_permission_id_84c5c92e_fk_auth_perm FOREIGN KEY (permission_id) REFERENCES public.auth_permission(id) DEFERRABLE INITIALLY DEFERRED;


--
-- Name: auth_group_permissions auth_group_permissions_group_id_b120cbf9_fk_auth_group_id; Type: FK CONSTRAINT; Schema: public; Owner: postgres
--

ALTER TABLE ONLY public.auth_group_permissions
    ADD CONSTRAINT auth_group_permissions_group_id_b120cbf9_fk_auth_group_id FOREIGN KEY (group_id) REFERENCES public.auth_group(id) DEFERRABLE INITIALLY DEFERRED;


--
-- Name: auth_permission auth_permission_content_type_id_2f476e4b_fk_django_co; Type: FK CONSTRAINT; Schema: public; Owner: postgres
--

ALTER TABLE ONLY public.auth_permission
    ADD CONSTRAINT auth_permission_content_type_id_2f476e4b_fk_django_co FOREIGN KEY (content_type_id) REFERENCES public.django_content_type(id) DEFERRABLE INITIALLY DEFERRED;


--
-- Name: auth_user_groups auth_user_groups_group_id_97559544_fk_auth_group_id; Type: FK CONSTRAINT; Schema: public; Owner: postgres
--

ALTER TABLE ONLY public.auth_user_groups
    ADD CONSTRAINT auth_user_groups_group_id_97559544_fk_auth_group_id FOREIGN KEY (group_id) REFERENCES public.auth_group(id) DEFERRABLE INITIALLY DEFERRED;


--
-- Name: auth_user_groups auth_user_groups_user_id_6a12ed8b_fk_auth_user_id; Type: FK CONSTRAINT; Schema: public; Owner: postgres
--

ALTER TABLE ONLY public.auth_user_groups
    ADD CONSTRAINT auth_user_groups_user_id_6a12ed8b_fk_auth_user_id FOREIGN KEY (user_id) REFERENCES public.auth_user(id) DEFERRABLE INITIALLY DEFERRED;


--
-- Name: auth_user_user_permissions auth_user_user_permi_permission_id_1fbb5f2c_fk_auth_perm; Type: FK CONSTRAINT; Schema: public; Owner: postgres
--

ALTER TABLE ONLY public.auth_user_user_permissions
    ADD CONSTRAINT auth_user_user_permi_permission_id_1fbb5f2c_fk_auth_perm FOREIGN KEY (permission_id) REFERENCES public.auth_permission(id) DEFERRABLE INITIALLY DEFERRED;


--
-- Name: auth_user_user_permissions auth_user_user_permissions_user_id_a95ead1b_fk_auth_user_id; Type: FK CONSTRAINT; Schema: public; Owner: postgres
--

ALTER TABLE ONLY public.auth_user_user_permissions
    ADD CONSTRAINT auth_user_user_permissions_user_id_a95ead1b_fk_auth_user_id FOREIGN KEY (user_id) REFERENCES public.auth_user(id) DEFERRABLE INITIALLY DEFERRED;


--
-- Name: django_admin_log django_admin_log_content_type_id_c4bce8eb_fk_django_co; Type: FK CONSTRAINT; Schema: public; Owner: postgres
--

ALTER TABLE ONLY public.django_admin_log
    ADD CONSTRAINT django_admin_log_content_type_id_c4bce8eb_fk_django_co FOREIGN KEY (content_type_id) REFERENCES public.django_content_type(id) DEFERRABLE INITIALLY DEFERRED;


--
-- Name: django_admin_log django_admin_log_user_id_c564eba6_fk_auth_user_id; Type: FK CONSTRAINT; Schema: public; Owner: postgres
--

ALTER TABLE ONLY public.django_admin_log
    ADD CONSTRAINT django_admin_log_user_id_c564eba6_fk_auth_user_id FOREIGN KEY (user_id) REFERENCES public.auth_user(id) DEFERRABLE INITIALLY DEFERRED;


--
-- Name: django_celery_beat_periodictask django_celery_beat_p_clocked_id_47a69f82_fk_django_ce; Type: FK CONSTRAINT; Schema: public; Owner: postgres
--

ALTER TABLE ONLY public.django_celery_beat_periodictask
    ADD CONSTRAINT django_celery_beat_p_clocked_id_47a69f82_fk_django_ce FOREIGN KEY (clocked_id) REFERENCES public.django_celery_beat_clockedschedule(id) DEFERRABLE INITIALLY DEFERRED;


--
-- Name: django_celery_beat_periodictask django_celery_beat_p_crontab_id_d3cba168_fk_django_ce; Type: FK CONSTRAINT; Schema: public; Owner: postgres
--

ALTER TABLE ONLY public.django_celery_beat_periodictask
    ADD CONSTRAINT django_celery_beat_p_crontab_id_d3cba168_fk_django_ce FOREIGN KEY (crontab_id) REFERENCES public.django_celery_beat_crontabschedule(id) DEFERRABLE INITIALLY DEFERRED;


--
-- Name: django_celery_beat_periodictask django_celery_beat_p_interval_id_a8ca27da_fk_django_ce; Type: FK CONSTRAINT; Schema: public; Owner: postgres
--

ALTER TABLE ONLY public.django_celery_beat_periodictask
    ADD CONSTRAINT django_celery_beat_p_interval_id_a8ca27da_fk_django_ce FOREIGN KEY (interval_id) REFERENCES public.django_celery_beat_intervalschedule(id) DEFERRABLE INITIALLY DEFERRED;


--
-- Name: django_celery_beat_periodictask django_celery_beat_p_solar_id_a87ce72c_fk_django_ce; Type: FK CONSTRAINT; Schema: public; Owner: postgres
--

ALTER TABLE ONLY public.django_celery_beat_periodictask
    ADD CONSTRAINT django_celery_beat_p_solar_id_a87ce72c_fk_django_ce FOREIGN KEY (solar_id) REFERENCES public.django_celery_beat_solarschedule(id) DEFERRABLE INITIALLY DEFERRED;


--
-- PostgreSQL database dump complete
--

